Adi Shankaracharya Marg,MH-D366-C1725-A19906,57978,E27A,57978,E27A
Agra Road,MH-D366-C1725-A19939,57978,E27A,57978,E27A
Ambawadi,MH-D366-C1725-A20048,57978,E27A,57978,E27A
Ashok Nagar,MH-D366-C1725-A20216,57978,E27A,57978,E27A
Azad Nagar,MH-D366-C1725-A20269,57978,E27A,57978,E27A
Baba Shet Wadi,MH-D366-C1725-A20302,57978,E27A,57978,E27A
Bhandup,MH-D366-C1725-A20563,57978,E27A,57978,E27A
Bhandup Complex,MH-D366-C1725-A20564,57978,E27A,57978,E27A
Bhandup Industrial Estate,MH-D366-C1725-A20566,57978,E27A,57978,E27A
Bhandup Jangal,MH-D366-C1725-A20567,57978,E27A,57978,E27A
Bhandup Pawai,MH-D366-C1725-A20568,57978,E27A,57978,E27A
Bhandup Usha Nagar,MH-D366-C1725-A20570,57978,E27A,57978,E27A
Bhandup Village,MH-D366-C1725-A20571,57978,E27A,57978,E27A
Bhandup Village Road,MH-D366-C1725-A20572,57978,E27A,57978,E27A
Bhatti Pada Road,MH-D366-C1725-A20603,57978,E27A,57978,E27A
Buddha Nagar,MH-D366-C1725-A20776,57978,E27A,57978,E27A
Burjori Baug,MH-D366-C1725-A20790,57978,E27A,57978,E27A
Chandra Nagar,MH-D366-C1725-A20907,57978,E27A,57978,E27A
Darakhi Road,MH-D366-C1725-A21230,57978,E27A,57978,E27A
Datar Colony Road,MH-D366-C1725-A21244,57978,E27A,57978,E27A
Datta Mandir Road Bhandup,MH-D366-C1725-A21247,57978,E27A,57978,E27A
Faridnagar,MH-D366-C1725-A21592,57978,E27A,57978,E27A
Friends Colony,MH-D366-C1725-A21637,57978,E27A,57978,E27A
Ganesh Nagar,MH-D366-C1725-A21715,57978,E27A,57978,E27A
Gaodevi,MH-D366-C1725-A21743,57978,E27A,57978,E27A
Gaodevi Road,MH-D366-C1725-A21746,57978,E27A,57978,E27A
Hanuman Mandir Lane,MH-D366-C1725-A22053,57978,E27A,57978,E27A
Hanuman Nagar,MH-D366-C1725-A22057,57978,E27A,57978,E27A
Housing Colony,MH-D366-C1725-A22171,57978,E27A,57978,E27A
Indian Naval Dockyard,MH-D366-C1725-A22218,57978,E27A,57978,E27A
Ishwar Nagar,MH-D366-C1725-A22257,57978,E27A,57978,E27A
Karia Wadi,MH-D366-C1725-A22436,57978,E27A,57978,E27A
M E S Camp,MH-D366-C1725-A22824,57978,E27A,57978,E27A
Maharashtra Nagar,MH-D366-C1725-A22952,57978,E27A,57978,E27A
Mangal Road,MH-D366-C1725-A23102,57978,E27A,57978,E27A
Manghatram Compound,MH-D366-C1725-A23112,57978,E27A,57978,E27A
Maroda Hill,MH-D366-C1725-A23169,57978,E27A,57978,E27A
Mhatre Wadi,MH-D366-C1725-A23289,57978,E27A,57978,E27A
Nardas Nagar,MH-D366-C1725-A23687,57978,E27A,57978,E27A
Nath Pai Road Bombay,MH-D366-C1725-A23737,57978,E27A,57978,E27A
Pandav Kund,MH-D366-C1725-A24102,57978,E27A,57978,E27A
Paranjape Colony,MH-D366-C1725-A24159,57978,E27A,57978,E27A
Parsi Wadi,MH-D366-C1725-A24222,57978,E27A,57978,E27A
Pathar Compound,MH-D366-C1725-A24257,57978,E27A,57978,E27A
Pratap Nagar Road,MH-D366-C1725-A24437,57978,E27A,57978,E27A
Ranjit Rathar Compound,MH-D366-C1725-A24660,57978,E27A,57978,E27A
Sadan Wadi,MH-D366-C1725-A24783,57978,E27A,57978,E27A
Sai Hills,MH-D366-C1725-A24823,57978,E27A,57978,E27A
Sakhore Wadi,MH-D366-C1725-A24855,57978,E27A,57978,E27A
Sakhubi Mohite Marg,MH-D366-C1725-A24857,57978,E27A,57978,E27A
Sardar Pratap Singh Marg,MH-D366-C1725-A24979,57978,E27A,57978,E27A
Sarvodaya Nagar,MH-D366-C1725-A25002,57978,E27A,57978,E27A
Shivaji Nagar,MH-D366-C1725-A25222,57978,E27A,57978,E27A
Station Road Bhandup,MH-D366-C1725-A25513,57978,E27A,57978,E27A
Subhash Nagar,MH-D366-C1725-A25531,57978,E27A,57978,E27A
Subhash Nagar Road,MH-D366-C1725-A25534,57978,E27A,57978,E27A
Tank Road,MH-D366-C1725-A25679,57978,E27A,57978,E27A
Tank Street,MH-D366-C1725-A25682,57978,E27A,57978,E27A
Tata Power House Road,MH-D366-C1725-A25712,57978,E27A,57978,E27A
Tembipada Road,MH-D366-C1725-A25741,57978,E27A,57978,E27A
Usha Nagar,MH-D366-C1725-A25922,57978,E27A,57978,E27A
Utkarshanagar Road,MH-D366-C1725-A25923,57978,E27A,57978,E27A
Village Road,MH-D366-C1725-A26083,57978,E27A,57978,E27A
Vishal Industrial Estate,MH-D366-C1725-A26097,57978,E27A,57978,E27A
Agra Road,MH-D366-C1725-A19940,57978,E27A,57978,E27A
Ambedkar Road,MH-D366-C1725-A20058,57978,E27A,57978,E27A
Anupam Industrial Estate,MH-D366-C1725-A20161,57978,E27A,57978,E27A
Bava Pradyumna Singh Road,MH-D366-C1725-A20467,57978,E27A,57978,E27A
Bhanosi Pada,MH-D366-C1725-A20577,57978,E27A,57978,E27A
Bhodkewadi,MH-D366-C1725-A20663,57978,E27A,57978,E27A
Brahmadeshwar Mandir Marg,MH-D366-C1725-A20764,57978,E27A,57978,E27A
D Gopalkrishna Gokhale Road,MH-D366-C1725-A21128,57978,E27A,57978,E27A
Devidayal Road,MH-D366-C1725-A21317,57978,E27A,57978,E27A
District Local Board,MH-D366-C1725-A21397,57978,E27A,57978,E27A
Dr Ambedkar Road,MH-D366-C1725-A21433,57978,E27A,57978,E27A
Dr Rajendra Prasad Road,MH-D366-C1725-A21499,57978,E27A,57978,E27A
Gala Industrial Estate,MH-D366-C1725-A21678,57978,E27A,57978,E27A
Ganesh Gawde Road,MH-D366-C1725-A21710,57978,E27A,57978,E27A
Gautam Nagar,MH-D366-C1725-A21768,57978,E27A,57978,E27A
Gavandipada,MH-D366-C1725-A21770,57978,E27A,57978,E27A
Gawan Road,MH-D366-C1725-A21789,57978,E27A,57978,E27A
Gawde Wadi,MH-D366-C1725-A21791,57978,E27A,57978,E27A
Gopalkrishna Gokhale Rd,MH-D366-C1725-A21908,57978,E27A,57978,E27A
Hansraj Meghjiwadi,MH-D366-C1725-A22046,57978,E27A,57978,E27A
K B Class Co Op Hou Soc,MH-D366-C1725-A22338,57978,E27A,57978,E27A
Karmveer D G Gaikwad Marg,MH-D366-C1725-A22451,57978,E27A,57978,E27A
Kasturba Road Mulund,MH-D366-C1725-A22498,57978,E27A,57978,E27A
Khandelwalla Udyognagar,MH-D366-C1725-A22615,57978,E27A,57978,E27A
Mahakavi Kalidas Marg,MH-D366-C1725-A22928,57978,E27A,57978,E27A
G V Scheme Road,MH-D366-C1725-A21660,57978,E27A,57978,E27A
Ganesh Baug,MH-D366-C1725-A21708,57978,E27A,57978,E27A
Gavade Vinze Scheme,MH-D366-C1725-A21769,57978,E27A,57978,E27A
Gavanpada,MH-D366-C1725-A21772,57978,E27A,57978,E27A
Gokhale Road,MH-D366-C1725-A21876,57978,E27A,57978,E27A
Hema Kalani Marg 27/C S,MH-D366-C1725-A22107,57978,E27A,57978,E27A
Horse Shoe Valley,MH-D366-C1725-A22167,57978,E27A,57978,E27A
Kesarbaug Lokmanya T Road,MH-D366-C1725-A22557,57978,E27A,57978,E27A
Mahatma Phule Road Mulund,MH-D366-C1725-A22978,57978,E27A,57978,E27A
Mithagar Road,MH-D366-C1725-A23331,57978,E27A,57978,E27A
Mulund East,MH-D366-C1725-A23435,57978,E27A,57978,E27A
Nanepada,MH-D366-C1725-A23665,57978,E27A,57978,E27A
Nauhe Pade,MH-D366-C1725-A23757,57978,E27A,57978,E27A
Navghar Pada East Mulund,MH-D366-C1725-A23769,57978,E27A,57978,E27A
Navghar Road,MH-D366-C1725-A23770,57978,E27A,57978,E27A
Navghar Village,MH-D366-C1725-A23771,57978,E27A,57978,E27A
Palm Aeres,MH-D366-C1725-A24087,57978,E27A,57978,E27A
R P F Kcolony,MH-D366-C1725-A24520,57978,E27A,57978,E27A
Salvi Wadi,MH-D366-C1725-A24875,57978,E27A,57978,E27A
Sane Wadi,MH-D366-C1725-A24906,57978,E27A,57978,E27A
Sant Dnyaneshwar Road,MH-D366-C1725-A24940,57978,E27A,57978,E27A
Sant Tukaram Road,MH-D366-C1725-A24952,57978,E27A,57978,E27A
Shahani Trust Colony,MH-D366-C1725-A25082,57978,E27A,57978,E27A
Station Road Mulund East,MH-D366-C1725-A25516,57978,E27A,57978,E27A
Maharshi Arvind Chawk P R,MH-D366-C1725-A22958,57978,E27A,57978,E27A
Mahatma Gandhi Road Mulun,MH-D366-C1725-A22969,57978,E27A,57978,E27A
Mahatma Meghji Road,MH-D366-C1725-A22974,57978,E27A,57978,E27A
Meghal Serv Indu.Al Estat,MH-D366-C1725-A23260,57978,E27A,57978,E27A
Milan Shoping Centre,MH-D366-C1725-A23297,57978,E27A,57978,E27A
Minerva Indu.Al Estate,MH-D366-C1725-A23305,57978,E27A,57978,E27A
Mirani Nagar,MH-D366-C1725-A23319,57978,E27A,57978,E27A
Moti Baug,MH-D366-C1725-A23394,57978,E27A,57978,E27A
Mulund Devidayal Rd,MH-D366-C1725-A23434,57978,E27A,57978,E27A
Mulund H O,MH-D366-C1725-A23436,57978,E27A,57978,E27A
Mulund Nahur,MH-D366-C1725-A23437,57978,E27A,57978,E27A
Mulund Nehru Road,MH-D366-C1725-A23438,57978,E27A,57978,E27A
Mulund Subhash Bose Rd,MH-D366-C1725-A23439,57978,E27A,57978,E27A
Murar Road,MH-D366-C1725-A23473,57978,E27A,57978,E27A
Nahur East,MH-D366-C1725-A23602,57978,E27A,57978,E27A
Nahur Road,MH-D366-C1725-A23603,57978,E27A,57978,E27A
Naik Wadi,MH-D366-C1725-A23612,57978,E27A,57978,E27A
Narmada Devi Pada,MH-D366-C1725-A23701,57978,E27A,57978,E27A
Nathuram Gaushala,MH-D366-C1725-A23746,57978,E27A,57978,E27A
Netaji Subhash Road,MH-D366-C1725-A23829,57978,E27A,57978,E27A
P & T Colony Mulund,MH-D366-C1725-A23997,57978,E27A,57978,E27A
P K Industrial Estate,MH-D366-C1725-A24007,57978,E27A,57978,E27A
P S Manduk Bridge S Bridg,MH-D366-C1725-A24017,57978,E27A,57978,E27A
Panch Sheela Nagar,MH-D366-C1725-A24095,57978,E27A,57978,E27A
Pandit D U Marg Mulund,MH-D366-C1725-A24112,57978,E27A,57978,E27A
Prem Nagare,MH-D366-C1725-A24443,57978,E27A,57978,E27A
Rajendra Prasad Road,MH-D366-C1725-A24569,57978,E27A,57978,E27A
Ram Ratan Trivedi Road,MH-D366-C1725-A24600,57978,E27A,57978,E27A
Ram Wadi,MH-D366-C1725-A24604,57978,E27A,57978,E27A
Ramdas Wadi,MH-D366-C1725-A24624,57978,E27A,57978,E27A
Ratansi Hirji Bhojraj Rd,MH-D366-C1725-A24676,57978,E27A,57978,E27A
S Mangal Pande Marg,MH-D366-C1725-A24761,57978,E27A,57978,E27A
Samarth Ramdas Road,MH-D366-C1725-A24882,57978,E27A,57978,E27A
Sardar Vallabhbhai Patel,MH-D366-C1725-A24986,57978,E27A,57978,E27A
Sarojini Naidu Road Mulun,MH-D366-C1725-A24993,57978,E27A,57978,E27A
Satyadham Vidhyapeeth M,MH-D366-C1725-A25028,57978,E27A,57978,E27A
Sevaram Lalwani Road,MH-D366-C1725-A25072,57978,E27A,57978,E27A
Shirodkar Gaikawad Wadi,MH-D366-C1725-A25202,57978,E27A,57978,E27A
Shivaji Nagar Pach Pakhad,MH-D366-C1725-A25223,57978,E27A,57978,E27A
Station Road Mulund,MH-D366-C1725-A25515,57978,E27A,57978,E27A
Subhash Bose Road,MH-D366-C1725-A25526,57978,E27A,57978,E27A
Valaji Ladha Road,MH-D366-C1725-A25976,57978,E27A,57978,E27A
Vallabhbhai Patel Road,MH-D366-C1725-A25987,57978,E27A,57978,E27A
Vishwakarma Marg,MH-D366-C1725-A26101,57978,E27A,57978,E27A
Vithalbhai Patel Road,MH-D366-C1725-A26113,57978,E27A,57978,E27A
Vyas Wadi,MH-D366-C1725-A26129,57978,E27A,57978,E27A
Walji Ladhabhai Road,MH-D366-C1725-A26172,57978,E27A,57978,E27A
Waman Wadi,MH-D366-C1725-A26180,57978,E27A,57978,E27A
Zaver Road,MH-D366-C1725-A26289,57978,E27A,57978,E27A
Zulelal Mandir Marg,MH-D366-C1725-A26296,57978,E27A,57978,E27A
Zulilal Mandir Cross Road,MH-D366-C1725-A26297,57978,E27A,57978,E27A
MULUND (EAST),MH-D366-C1725-A23435,57978,E27A,57978,E27A
MULUND (WEST),MH-D366-C1725-A21652,57978,E27A,57978,E27A
BHANDUP (WEST),MH-D366-C1725-A20563,57978,E27A,57978,E27A
MULUND AREA,MH-D366-C1725-A23436,57978,E27A,57978,E27A
